05PRI000002,05LOB000002,0
05PRI000003,05LOB000003,2500
05PRI000003,05LOB000143,871250
05PRI000004,05LOB000004,2202095
05PRI000004,05LOB000005,941047
05PRI000004,05LOB000007,941047
05PRI000004,05LOB000008,563285
05PRI000004,05LOB000092,941047
05PRI000005,05LOB000009,12000
05PRI000008,05LOB000011,340000
05PRI000009,05LOB000011,0
05PRI000010,05LOB000007,6953171
05PRI000010,05LOB000013,146857
05PRI000010,05LOB000344,6793796
05PRI000011,05LOB000014,27000
05PRI000012,05LOB000014,0
05PRI000013,05LOB000014,11120
05PRI000014,05LOB000195,169651
05PRI000014,05LOB000302,1086540
05PRI000014,05LOB000355,477620
05PRI000016,05LOB000017,0
05PRI000017,05LOB000008,4333793
05PRI000017,05LOB000018,3115034
05PRI000017,06LOB000383,127705
05PRI000018,05LOB000008,60000
05PRI000019,05LOB000005,241730
05PRI000019,05LOB000008,200000
05PRI000020,05LOB000008,0
05PRI000020,05LOB000245,840000
05PRI000021,05LOB000008,6356955
05PRI000021,07LOB000467,461319
05PRI000022,05LOB000008,6582186
05PRI000023,05LOB000008,4020000
05PRI000024,05LOB000008,17317616
05PRI000024,05LOB000076,4013338
05PRI000024,05LOB000139,4013338
05PRI000024,08LOB000561,4049390
05PRI000025,05LOB000008,9276691
05PRI000025,05LOB000241,6861389
05PRI000025,06LOB000377,8639006
05PRI000026,05LOB000008,1893700
05PRI000027,05LOB000008,425600
05PRI000028,05LOB000019,1331880
05PRI000028,08LOB000531,264000
05PRI000029,05LOB000020,0
05PRI000029,06LOB000370,1472058
05PRI000029,07LOB000445,245824
05PRI000029,07LOB000518,245824
05PRI000029,07LOB000521,245824
05PRI000029,08LOB000555,25775
05PRI000029,08LOB000556,245824
05PRI000029,08LOB000570,95258
05PRI000029,08LOB000571,245824
05PRI000029,09LOB000624,89196
05PRI000029,09LOB000625,62953
05PRI000029,09LOB000626,62953
05PRI000030,05LOB000013,547460
05PRI000031,05LOB000024,0
05PRI000032,05LOB000025,58124
05PRI000032,07LOB000514,14531
05PRI000033,05LOB000026,17500
05PRI000033,05LOB000202,1866546
05PRI000033,05LOB000241,84420
05PRI000033,06LOB000430,1117273
05PRI000034,05LOB000028,345702
05PRI000034,05LOB000029,345702
05PRI000034,05LOB000030,4773
05PRI000035,05LOB000031,0
05PRI000036,05LOB000032,0
05PRI000037,05LOB000033,11671554
05PRI000037,05LOB000034,3735279
05PRI000037,05LOB000068,11187213
05PRI000037,05LOB000109,20500
05PRI000038,05LOB000035,1328000
05PRI000039,05LOB000001,1588000
05PRI000039,05LOB000036,1158150
05PRI000039,05LOB000037,1158150
05PRI000040,05LOB000005,441660
05PRI000040,05LOB000076,549000
05PRI000040,05LOB000153,2128747
05PRI000041,05LOB000252,9000
05PRI000041,06LOB000368,250000
05PRI000042,05LOB000007,1555356
05PRI000043,05LOB000004,3357200
05PRI000043,05LOB000043,3970001
05PRI000043,05LOB000164,4398751
05PRI000043,05LOB000333,94825
05PRI000043,07LOB000517,3357200
05PRI000044,05LOB000019,0
05PRI000044,05LOB000227,5000
05PRI000045,05LOB000005,3006489
05PRI000046,05LOB000003,5298855
05PRI000046,05LOB000005,167608
05PRI000046,06LOB000384,8571965
05PRI000047,05LOB000098,60858071
05PRI000047,05LOB000186,60858071
05PRI000048,05LOB000007,3225383
05PRI000049,05LOB000003,1612891
05PRI000049,05LOB000169,3246767
05PRI000050,05LOB000085,0
05PRI000050,06LOB000437,0
05PRI000051,05LOB000164,4935800
05PRI000051,11LOB000727,2000
05PRI000052,05LOB000164,9765000
05PRI000052,05LOB000291,4800000
05PRI000053,05LOB000176,358400
05PRI000053,05LOB000289,38400
05PRI000053,05LOB000314,358400
05PRI000054,05LOB000036,361200
05PRI000054,05LOB000037,374100
05PRI000054,05LOB000341,306800
05PRI000055,05LOB000092,1214850
05PRI000055,05LOB000164,1754285
05PRI000056,05LOB000004,12436557
05PRI000057,05LOB000210,75655
05PRI000057,05LOB000213,8923
05PRI000057,06LOB000369,17582
05PRI000057,06LOB000411,57007
05PRI000057,07LOB000508,438788
05PRI000058,05LOB000005,15130440
05PRI000058,05LOB000050,1132274
05PRI000058,05LOB000055,0
05PRI000058,05LOB000182,578116
05PRI000058,05LOB000311,1154207
05PRI000058,07LOB000487,7568125
05PRI000059,05LOB000092,1588600
05PRI000060,05LOB000007,5247940
05PRI000061,05LOB000037,483000
05PRI000062,05LOB000252,32000
05PRI000062,06LOB000368,119000
05PRI000062,07LOB000507,68800
05PRI000063,05LOB000324,0
05PRI000064,05LOB000005,7284516
05PRI000065,05LOB000037,112000
05PRI000066,05LOB000037,768000
05PRI000066,06LOB000368,20000
05PRI000067,05LOB000007,1942657
05PRI000068,05LOB000052,21644236
05PRI000068,05LOB000124,3062218
05PRI000068,05LOB000277,301585
05PRI000068,05LOB000290,1438308
05PRI000068,08LOB000530,8393213
05PRI000069,05LOB000321,5882415
05PRI000070,05LOB000203,673668
05PRI000071,05LOB000076,694930
05PRI000072,05LOB000003,6565833
05PRI000073,05LOB000115,81566
05PRI000074,05LOB000008,8443050
05PRI000074,05LOB000235,10275544
05PRI000075,05LOB000134,0
05PRI000075,07LOB000476,0
05PRI000075,07LOB000516,0
05PRI000076,05LOB000007,5797974
05PRI000076,05LOB000163,12631
05PRI000077,05LOB000208,4751530
05PRI000078,05LOB000013,0
05PRI000078,05LOB000167,0
05PRI000078,05LOB000245,0
05PRI000078,06LOB000378,0
05PRI000078,09LOB000613,0
05PRI000079,05LOB000003,1735836
05PRI000079,05LOB000007,3795172
05PRI000079,05LOB000128,10304366
05PRI000079,07LOB000467,5315077
05PRI000080,05LOB000114,16384
05PRI000080,05LOB000365,64115
05PRI000081,05LOB000005,9728795
05PRI000081,05LOB000124,761559
05PRI000081,05LOB000142,937754
05PRI000081,05LOB000206,714450
05PRI000081,06LOB000436,3910599
05PRI000081,11LOB000715,88875
05PRI000082,05LOB000196,197019
05PRI000083,05LOB000092,7756539
05PRI000083,05LOB000280,1777767
05PRI000084,05LOB000146,39675
05PRI000084,05LOB000160,38200
05PRI000084,10LOB000640,14980
05PRI000085,05LOB000211,8780800
05PRI000085,05LOB000240,8780800
05PRI000086,05LOB000008,11921262
05PRI000086,05LOB000068,11921262
05PRI000086,05LOB000076,3298396
05PRI000086,05LOB000145,11171502
05PRI000086,08LOB000561,61000
05PRI000087,05LOB000140,61815
05PRI000087,05LOB000232,111912
05PRI000088,05LOB000232,408000
05PRI000088,07LOB000517,12000
05PRI000089,05LOB000294,2151800
05PRI000090,05LOB000019,1741882
05PRI000090,05LOB000326,2596020
05PRI000090,05LOB000327,768742
05PRI000090,08LOB000531,102400
05PRI000091,05LOB000164,725435
05PRI000092,05LOB000088,1927348
05PRI000092,05LOB000267,85977
05PRI000092,05LOB000274,1927348
05PRI000092,07LOB000438,1135371
05PRI000093,05LOB000252,22000
05PRI000094,05LOB000092,106349
05PRI000094,05LOB000156,2625352
05PRI000094,05LOB000330,2250301
05PRI000094,07LOB000453,395851
05PRI000094,09LOB000617,0
05PRI000094,10LOB000665,0
05PRI000095,05LOB000078,36500408
05PRI000095,05LOB000079,36500408
05PRI000095,06LOB000386,891320
05PRI000096,05LOB000008,392000
05PRI000097,05LOB000003,3959345
05PRI000097,05LOB000048,1296729
05PRI000097,05LOB000129,3959345
05PRI000097,05LOB000152,76544
05PRI000097,08LOB000546,88329
05PRI000097,08LOB000572,295081
05PRI000097,09LOB000605,724315
05PRI000097,09LOB000623,295371
05PRI000098,05LOB000044,775455
05PRI000098,05LOB000321,775455
05PRI000098,11LOB000729,0
05PRI000099,05LOB000008,5775930
05PRI000099,05LOB000120,52125
05PRI000099,05LOB000303,5775930
05PRI000099,05LOB000357,4726670
05PRI000100,05LOB000157,20539792
05PRI000100,05LOB000200,1412167
05PRI000100,05LOB000277,19831523
05PRI000100,06LOB000429,10634954
05PRI000101,05LOB000145,847488
05PRI000102,05LOB000007,5396690
05PRI000103,05LOB000007,3349175
05PRI000103,05LOB000054,7500
05PRI000103,05LOB000056,323750
05PRI000104,05LOB000239,0
05PRI000104,05LOB000245,80808
05PRI000105,05LOB000035,5750529
05PRI000105,05LOB000089,2393410
05PRI000105,05LOB000277,1577033
05PRI000106,05LOB000240,6874000
05PRI000107,05LOB000007,8589738
05PRI000107,07LOB000463,337810
05PRI000108,05LOB000068,405000
05PRI000109,05LOB000005,2083254
05PRI000109,05LOB000019,16800
05PRI000109,05LOB000311,60833
05PRI000110,05LOB000068,20000
05PRI000111,05LOB000003,3401398
05PRI000111,05LOB000005,8535537
05PRI000111,05LOB000019,150500
05PRI000111,07LOB000471,336109
05PRI000111,07LOB000522,1677928
05PRI000111,10LOB000630,50219
05PRI000112,05LOB000005,3056958
05PRI000112,05LOB000019,2038674
05PRI000112,05LOB000216,97813
05PRI000112,05LOB000311,3056958
05PRI000113,05LOB000005,73095
05PRI000113,05LOB000008,0
05PRI000113,05LOB000011,264339
05PRI000113,05LOB000080,8520023
05PRI000114,05LOB000140,49193
05PRI000114,05LOB000232,143401
05PRI000115,05LOB000197,55300
05PRI000115,05LOB000252,84125
05PRI000115,06LOB000368,133000
05PRI000115,06LOB000426,0
05PRI000115,07LOB000488,0
05PRI000116,05LOB000349,143287
05PRI000116,05LOB000352,0
05PRI000117,05LOB000164,50000
05PRI000118,05LOB000007,1470766
05PRI000118,05LOB000245,284000
05PRI000119,05LOB000092,6258028
05PRI000120,05LOB000007,11744417
05PRI000120,05LOB000342,256430
05PRI000120,07LOB000503,38215
05PRI000123,05LOB000245,3508400
05PRI000124,05LOB000047,12784481
05PRI000124,05LOB000302,6667043
05PRI000124,06LOB000368,986927
05PRI000125,05LOB000092,1704000
05PRI000126,05LOB000140,109689
05PRI000126,05LOB000232,190281
05PRI000127,05LOB000007,109231
05PRI000127,05LOB000174,147006
05PRI000127,10LOB000658,147006
05PRI000128,05LOB000042,8232063
05PRI000128,05LOB000164,7794199
05PRI000128,05LOB000308,5500
05PRI000128,05LOB000309,7794199
05PRI000128,05LOB000333,22405
05PRI000128,06LOB000400,1716399
05PRI000128,07LOB000444,4670599
05PRI000128,08LOB000540,139046
05PRI000129,05LOB000302,40000
05PRI000130,05LOB000019,1020369
05PRI000130,08LOB000531,153200
05PRI000131,05LOB000092,5081518
05PRI000131,05LOB000145,5081518
05PRI000132,05LOB000005,4827166
05PRI000133,05LOB000093,16384549
05PRI000133,05LOB000105,16384549
05PRI000133,05LOB000198,16384549
05PRI000133,05LOB000358,12803736
05PRI000134,05LOB000007,1087440
05PRI000135,05LOB000050,5786000
05PRI000135,05LOB000072,9769200
05PRI000135,05LOB000166,8250
05PRI000135,05LOB000185,9769200
05PRI000135,07LOB000471,1937100
05PRI000135,07LOB000481,1068300
05PRI000135,07LOB000491,1937100
05PRI000136,05LOB000009,157500
05PRI000136,06LOB000368,2126662
05PRI000137,05LOB000188,2508799
05PRI000137,05LOB000245,4252421
05PRI000137,05LOB000292,2508799
05PRI000138,05LOB000011,17217474
05PRI000139,05LOB000019,986243
05PRI000139,05LOB000192,1916578
05PRI000139,08LOB000531,214560
05PRI000140,05LOB000007,100400
05PRI000141,05LOB000004,28776585
05PRI000141,05LOB000006,60770072
05PRI000141,05LOB000007,5741139
05PRI000141,05LOB000217,60770072
05PRI000141,05LOB000249,10670346
05PRI000141,05LOB000270,16961064
05PRI000141,11LOB000680,831525
05PRI000142,05LOB000116,734803
05PRI000143,05LOB000268,0
05PRI000143,07LOB000462,0
05PRI000144,05LOB000007,7059204
05PRI000145,05LOB000143,2405200
05PRI000146,05LOB000092,327700
05PRI000147,05LOB000007,4870853
05PRI000148,05LOB000013,9276002
05PRI000149,05LOB000007,8308013
05PRI000150,05LOB000007,9035578
05PRI000151,05LOB000013,4081031
05PRI000151,05LOB000092,104800
05PRI000151,06LOB000378,0
05PRI000153,05LOB000083,11627992
05PRI000153,05LOB000121,2408495
05PRI000153,05LOB000162,22617658
05PRI000153,05LOB000192,22617658
05PRI000153,05LOB000201,22617658
05PRI000153,05LOB000218,1985196
05PRI000153,05LOB000273,13036240
05PRI000153,05LOB000361,11482041
05PRI000153,06LOB000433,11627992
05PRI000153,07LOB000456,11627992
05PRI000153,07LOB000460,274671
05PRI000153,07LOB000478,11627992
05PRI000153,09LOB000621,1868485
05PRI000153,09LOB000622,1868485
05PRI000154,05LOB000302,1500000
05PRI000156,05LOB000007,2516198
05PRI000156,05LOB000081,328417
05PRI000156,05LOB000228,642626
05PRI000157,05LOB000013,6326007
05PRI000157,06LOB000378,2324
05PRI000158,05LOB000143,2929961
05PRI000158,05LOB000174,169400
05PRI000158,05LOB000254,0
05PRI000158,05LOB000281,0
05PRI000158,11LOB000685,169400
05PRI000159,05LOB000049,13701
05PRI000160,05LOB000003,2884000
05PRI000161,05LOB000005,1674358
05PRI000161,05LOB000345,232678
05PRI000162,05LOB000087,316250
05PRI000162,07LOB000502,1191300
05PRI000163,05LOB000003,3136000
05PRI000164,05LOB000087,113850
05PRI000164,05LOB000164,631733
05PRI000165,05LOB000070,182
05PRI000166,05LOB000008,271000
05PRI000167,05LOB000164,23400
05PRI000167,05LOB000249,8700
05PRI000167,05LOB000333,8700
05PRI000168,05LOB000011,3332000
05PRI000169,05LOB000003,0
05PRI000169,05LOB000007,6492677
05PRI000170,05LOB000008,7313600
05PRI000170,05LOB000112,9000
05PRI000171,05LOB000164,0
05PRI000172,05LOB000262,112500
05PRI000172,06LOB000402,0
05PRI000172,08LOB000533,30000
05PRI000173,05LOB000075,32765
05PRI000174,05LOB000107,0
05PRI000175,05LOB000092,3381506
05PRI000176,05LOB000130,0
05PRI000176,05LOB000256,0
05PRI000176,05LOB000264,0
05PRI000176,05LOB000332,0
05PRI000176,07LOB000498,0
05PRI000177,05LOB000300,103125
05PRI000178,05LOB000094,1092334
05PRI000179,05LOB000102,850
05PRI000179,05LOB000125,776475
05PRI000181,05LOB000006,0
05PRI000181,05LOB000008,2622000
05PRI000181,05LOB000092,833700
05PRI000182,05LOB000005,194400
05PRI000183,05LOB000290,715000
05PRI000183,08LOB000530,1424000
05PRI000183,08LOB000552,1222500
05PRI000184,05LOB000007,17615687
05PRI000184,05LOB000008,0
05PRI000185,05LOB000005,6854268
05PRI000185,06LOB000380,6800129
05PRI000186,05LOB000034,163200
05PRI000186,05LOB000109,652800
05PRI000187,05LOB000011,45270
05PRI000188,05LOB000212,2115861
05PRI000189,05LOB000076,926400
05PRI000189,05LOB000124,72000
05PRI000189,07LOB000514,95498
05PRI000191,05LOB000076,48000
05PRI000192,05LOB000092,1362200
05PRI000193,05LOB000310,0
05PRI000194,05LOB000007,7387991
05PRI000194,05LOB000055,956925
05PRI000194,05LOB000163,66372
05PRI000195,05LOB000067,5400
05PRI000195,05LOB000170,9600
05PRI000195,05LOB000228,169410
05PRI000195,05LOB000231,672556
05PRI000196,05LOB000194,598000
05PRI000197,05LOB000307,0
05PRI000198,05LOB000003,306000
05PRI000199,05LOB000363,1485300
05PRI000199,10LOB000651,185611
05PRI000200,05LOB000240,1259946
05PRI000201,05LOB000061,0
05PRI000202,05LOB000164,108000
05PRI000203,05LOB000251,124200
05PRI000204,05LOB000009,240000
05PRI000204,05LOB000092,7700
05PRI000204,07LOB000489,0
05PRI000205,05LOB000009,4013044
05PRI000206,05LOB000140,41902
05PRI000206,05LOB000144,8356913
05PRI000206,05LOB000151,8356913
05PRI000206,05LOB000232,2949521
05PRI000206,05LOB000299,937500
05PRI000208,05LOB000236,2610000
05PRI000209,05LOB000282,84000
05PRI000210,05LOB000005,2401747
05PRI000211,05LOB000140,112103
05PRI000211,05LOB000232,185547
05PRI000212,05LOB000140,55438
05PRI000212,05LOB000232,115602
05PRI000213,05LOB000008,14474103
05PRI000213,05LOB000104,4520944
05PRI000213,05LOB000246,14474103
05PRI000213,05LOB000286,7698663
05PRI000213,07LOB000464,18648
05PRI000213,10LOB000652,1060032
05PRI000215,05LOB000164,1313200
05PRI000216,05LOB000140,43107
05PRI000216,05LOB000232,104102
05PRI000217,05LOB000244,38000
05PRI000218,05LOB000164,3074000
05PRI000219,05LOB000279,1197575
05PRI000220,05LOB000092,268800
05PRI000220,05LOB000123,0
05PRI000221,05LOB000007,703944
05PRI000221,05LOB000008,6686160
05PRI000221,05LOB000160,5197720
05PRI000222,05LOB000143,5537519
05PRI000223,05LOB000008,1670500
05PRI000223,05LOB000013,539027
05PRI000223,05LOB000143,134000
05PRI000223,05LOB000167,0
05PRI000223,05LOB000195,6773413
05PRI000223,06LOB000378,10125
05PRI000224,05LOB000076,476510
05PRI000224,05LOB000253,11172165
05PRI000224,05LOB000335,2061454
05PRI000224,05LOB000350,382320
05PRI000224,07LOB000490,6418150
05PRI000224,08LOB000575,430637
05PRI000224,10LOB000670,293040
05PRI000225,05LOB000001,20000
05PRI000225,05LOB000037,1092003
05PRI000227,05LOB000005,1111194
05PRI000227,05LOB000138,808869
05PRI000227,11LOB000698,18069
05PRI000228,05LOB000140,155386
05PRI000228,05LOB000232,289586
05PRI000229,05LOB000035,2304000
05PRI000230,05LOB000013,34322
05PRI000230,05LOB000140,133100
05PRI000230,05LOB000232,790660
05PRI000231,05LOB000007,1042956
05PRI000232,05LOB000194,6876321
05PRI000232,05LOB000223,9803050
05PRI000233,05LOB000011,6289010
05PRI000234,05LOB000190,881118
05PRI000234,08LOB000531,363222
05PRI000235,05LOB000034,902700
05PRI000235,05LOB000109,408000
05PRI000236,05LOB000194,7979298
05PRI000237,05LOB000016,6073387
05PRI000238,05LOB000001,36500
05PRI000238,05LOB000037,0
05PRI000238,05LOB000365,1057494
05PRI000238,08LOB000531,105270
05PRI000239,05LOB000003,16000
05PRI000240,05LOB000039,194824
05PRI000241,05LOB000001,0
05PRI000242,05LOB000158,651006
05PRI000242,05LOB000164,313624
05PRI000242,05LOB000242,651006
05PRI000242,05LOB000333,12124
05PRI000242,08LOB000534,169065
05PRI000243,05LOB000003,30000
05PRI000243,05LOB000225,3506997
05PRI000243,05LOB000252,48000
05PRI000243,06LOB000368,2717998
05PRI000244,05LOB000003,4598659
05PRI000245,05LOB000224,1802349
05PRI000246,05LOB000019,1100664
05PRI000246,05LOB000145,1500
05PRI000246,08LOB000531,102480
05PRI000246,08LOB000551,614907
05PRI000247,05LOB000007,500500
05PRI000248,05LOB000140,43289
05PRI000248,05LOB000232,100793
05PRI000249,05LOB000035,3025600
05PRI000250,05LOB000007,1058117
05PRI000251,05LOB000008,207749
05PRI000251,05LOB000013,259687
05PRI000251,05LOB000167,2539063
05PRI000251,05LOB000245,64000
05PRI000251,06LOB000378,2599011
05PRI000251,09LOB000580,0
05PRI000252,05LOB000007,96519
05PRI000253,05LOB000115,336377
05PRI000254,05LOB000005,1021540
05PRI000254,05LOB000141,775930
05PRI000254,05LOB000178,202779
05PRI000254,05LOB000179,202779
05PRI000254,05LOB000199,103755
05PRI000254,05LOB000255,775930
05PRI000254,05LOB000265,775930
05PRI000254,06LOB000376,185186
05PRI000255,05LOB000008,186800
05PRI000255,05LOB000009,66900
05PRI000255,05LOB000043,26353
05PRI000255,05LOB000087,7934689
05PRI000255,05LOB000164,125496
05PRI000255,05LOB000167,7824750
05PRI000255,05LOB000245,66900
05PRI000255,05LOB000249,3874395
05PRI000255,05LOB000333,26225412
05PRI000256,05LOB000086,468218
05PRI000256,05LOB000143,468218
05PRI000256,05LOB000252,94097
05PRI000256,06LOB000368,142500
05PRI000257,05LOB000007,1452830
05PRI000257,05LOB000245,96000
05PRI000258,05LOB000164,10243366
05PRI000259,05LOB000252,12000
05PRI000259,06LOB000368,456000
05PRI000260,05LOB000007,3236174
05PRI000261,05LOB000001,0
05PRI000261,07LOB000451,4000
05PRI000262,05LOB000008,29083441
05PRI000262,05LOB000059,1245045
05PRI000262,05LOB000068,348591
05PRI000262,05LOB000115,331350
05PRI000262,05LOB000172,29083441
05PRI000262,05LOB000216,7781342
05PRI000262,05LOB000258,29083441
05PRI000262,05LOB000287,348591
05PRI000262,05LOB000365,191421
05PRI000262,08LOB000531,12803615
05PRI000262,08LOB000547,55719
05PRI000262,10LOB000640,3763729
05PRI000263,05LOB000038,0
05PRI000263,05LOB000090,0
05PRI000263,05LOB000159,0
05PRI000263,06LOB000374,0
05PRI000263,06LOB000414,0
05PRI000265,05LOB000252,24000
05PRI000265,06LOB000368,1012000
05PRI000266,05LOB000074,361240
05PRI000267,05LOB000317,836224
05PRI000268,05LOB000008,388
05PRI000268,05LOB000304,176476
05PRI000269,05LOB000007,4891555
05PRI000270,05LOB000062,3855390
05PRI000270,05LOB000110,8088
05PRI000270,11LOB000716,24900
05PRI000271,05LOB000083,128000
05PRI000271,06LOB000423,800000
05PRI000272,05LOB000164,2107200
05PRI000272,05LOB000271,5017600
05PRI000272,05LOB000333,38200
05PRI000273,05LOB000069,2532
05PRI000274,05LOB000092,321100
05PRI000275,05LOB000025,22073
05PRI000276,05LOB000102,0
05PRI000277,05LOB000364,22968
05PRI000278,05LOB000035,24000
05PRI000279,05LOB000007,1193582
05PRI000280,05LOB000007,66646
05PRI000281,05LOB000007,3153066
05PRI000282,05LOB000132,0
05PRI000282,05LOB000143,4988000
05PRI000283,05LOB000132,0
05PRI000283,10LOB000638,3200
05PRI000284,05LOB000006,0
05PRI000284,05LOB000092,49600
05PRI000285,05LOB000076,8580
05PRI000285,05LOB000164,1175645
05PRI000285,05LOB000295,34087
05PRI000285,07LOB000511,138475
05PRI000285,10LOB000645,272000
05PRI000286,05LOB000076,10400
05PRI000286,05LOB000143,432000
05PRI000286,05LOB000302,22500
05PRI000287,05LOB000007,3469594
05PRI000288,05LOB000016,7825979
05PRI000288,05LOB000229,334125
05PRI000288,07LOB000470,284252
05PRI000288,07LOB000509,2459399
05PRI000289,05LOB000073,13119207
05PRI000289,05LOB000145,12753
05PRI000289,05LOB000150,2240522
05PRI000289,05LOB000233,10414773
05PRI000289,05LOB000321,0
05PRI000289,07LOB000512,4504304
05PRI000289,07LOB000513,12653
05PRI000290,05LOB000008,10887200
05PRI000290,05LOB000068,230000
05PRI000290,07LOB000486,22000
05PRI000291,05LOB000007,2725348
05PRI000291,05LOB000117,3381526
05PRI000292,05LOB000016,6122745
05PRI000292,05LOB000054,5510162
05PRI000292,11LOB000723,20000
05PRI000293,05LOB000007,9392497
05PRI000294,05LOB000001,649200
05PRI000294,05LOB000013,136200
05PRI000294,09LOB000613,565920
05PRI000295,05LOB000312,0
05PRI000296,05LOB000006,366621
05PRI000296,05LOB000082,8787472
05PRI000296,05LOB000092,8872412
05PRI000296,05LOB000115,12060489
05PRI000296,11LOB000682,602500
05PRI000297,05LOB000234,14424
05PRI000298,05LOB000284,889
05PRI000299,05LOB000164,60000
05PRI000300,05LOB000321,2713200
05PRI000301,05LOB000007,12618397
05PRI000301,05LOB000360,9094064
05PRI000302,05LOB000252,33796
05PRI000302,06LOB000368,1073375
05PRI000303,05LOB000001,5235900
05PRI000304,05LOB000060,645500
05PRI000304,11LOB000719,0
05PRI000306,05LOB000281,335314
05PRI000307,05LOB000005,45075
05PRI000307,05LOB000311,1766232
05PRI000307,08LOB000545,138150
05PRI000308,05LOB000007,59176
05PRI000309,05LOB000007,45142
05PRI000310,05LOB000034,2633300
05PRI000310,05LOB000109,1823900
05PRI000310,05LOB000298,8856000
05PRI000310,08LOB000532,11100
05PRI000311,05LOB000248,0
05PRI000313,05LOB000124,2186290
05PRI000313,05LOB000290,2186290
05PRI000313,08LOB000530,3607444
05PRI000314,05LOB000252,12000
05PRI000314,06LOB000368,504000
05PRI000315,05LOB000005,6000
05PRI000316,05LOB000285,0
05PRI000317,05LOB000143,6004948
05PRI000317,05LOB000319,94673
05PRI000317,06LOB000410,1559129
05PRI000317,08LOB000569,931217
05PRI000317,11LOB000711,113147
05PRI000317,11LOB000713,59259
05PRI000317,11LOB000720,59259
05PRI000318,05LOB000204,6300
05PRI000318,05LOB000207,39900
05PRI000318,07LOB000484,6600
05PRI000319,05LOB000076,317800
05PRI000319,09LOB000615,62914
05PRI000320,05LOB000272,0
05PRI000320,06LOB000391,0
05PRI000320,07LOB000477,0
05PRI000321,05LOB000003,97811
05PRI000321,05LOB000005,121811
05PRI000322,05LOB000140,110590
05PRI000322,05LOB000232,206732
05PRI000324,05LOB000007,3998376
05PRI000325,05LOB000091,6526800
05PRI000325,05LOB000164,6526800
05PRI000325,05LOB000333,243000
05PRI000325,07LOB000494,243000
05PRI000326,05LOB000006,238703
05PRI000326,05LOB000092,11080503
05PRI000326,05LOB000133,14583982
05PRI000326,05LOB000191,16540670
05PRI000326,05LOB000306,3286551
05PRI000326,08LOB000559,3973095
05PRI000327,05LOB000276,528683
05PRI000329,05LOB000007,14330270
05PRI000330,05LOB000245,137200
05PRI000330,05LOB000322,0
05PRI000330,06LOB000406,0
05PRI000332,05LOB000005,634000
05PRI000332,05LOB000046,85690
05PRI000332,05LOB000317,37520
05PRI000333,05LOB000040,2072000
05PRI000334,05LOB000013,6000
05PRI000335,05LOB000301,0
05PRI000336,05LOB000003,851231
05PRI000337,05LOB000124,1429347
05PRI000337,08LOB000530,2496000
05PRI000338,05LOB000164,6200
05PRI000339,05LOB000124,756000
05PRI000339,08LOB000530,555900
05PRI000340,05LOB000189,38188
05PRI000341,05LOB000305,372
05PRI000341,06LOB000421,584000
05PRI000343,05LOB000072,3259592
05PRI000343,05LOB000184,3259592
05PRI000344,05LOB000025,0
05PRI000344,05LOB000099,68800
05PRI000344,05LOB000235,290700
05PRI000344,05LOB000366,68800
05PRI000344,07LOB000514,1414804
05PRI000345,05LOB000019,484199
05PRI000345,05LOB000187,2078264
05PRI000345,05LOB000221,8166
05PRI000346,05LOB000005,5438555
05PRI000347,05LOB000143,4665864
05PRI000348,05LOB000008,2500
05PRI000348,05LOB000076,5000
05PRI000348,05LOB000302,10000
05PRI000349,05LOB000005,320000
05PRI000349,05LOB000302,1824578
05PRI000349,05LOB000359,83437
05PRI000350,05LOB000009,1261529
05PRI000350,05LOB000182,47073214
05PRI000350,05LOB000222,15231879
05PRI000350,05LOB000311,14762915
05PRI000351,05LOB000175,373800
05PRI000351,06LOB000416,0
05PRI000351,09LOB000619,64000
05PRI000353,05LOB000013,605593
05PRI000353,05LOB000182,47761
05PRI000353,05LOB000311,47761
05PRI000353,06LOB000378,0
05PRI000353,09LOB000613,247643
05PRI000354,05LOB000004,194608
05PRI000354,05LOB000106,4017677
05PRI000354,05LOB000173,5305548
05PRI000354,05LOB000215,1507248
05PRI000354,05LOB000356,110132
05PRI000354,11LOB000714,141720
05PRI000354,11LOB000717,14240
05PRI000354,11LOB000722,66000
05PRI000355,05LOB000013,9262272
05PRI000355,05LOB000245,231757
05PRI000356,05LOB000001,1634010
05PRI000357,05LOB000005,12352516
05PRI000357,05LOB000260,13498498
05PRI000358,05LOB000005,13405453
05PRI000358,05LOB000103,111169
05PRI000360,05LOB000115,0
05PRI000361,05LOB000008,6314218
05PRI000361,05LOB000143,6314218
05PRI000361,05LOB000190,6333844
05PRI000362,05LOB000068,682500
05PRI000362,07LOB000514,666280
05PRI000362,08LOB000531,479545
05PRI000362,09LOB000584,167641
05PRI000362,10LOB000660,136947
05PRI000363,05LOB000003,1680574
05PRI000363,05LOB000277,828643
05PRI000364,05LOB000005,1363394
05PRI000365,05LOB000037,0
05PRI000366,05LOB000252,56000
05PRI000366,05LOB000352,1794000
05PRI000366,06LOB000368,2500
05PRI000367,05LOB000064,1394818
05PRI000367,05LOB000092,5680256
05PRI000367,08LOB000554,1626890
05PRI000368,05LOB000007,9789991
05PRI000368,09LOB000616,311817
05PRI000369,05LOB000084,6742500
05PRI000369,05LOB000124,1311700
05PRI000369,05LOB000290,1311700
05PRI000369,08LOB000530,2105600
05PRI000370,05LOB000008,3889993
05PRI000370,05LOB000086,1080194
05PRI000370,05LOB000143,25682863
05PRI000370,05LOB000252,264097
05PRI000370,05LOB000323,264097
05PRI000370,06LOB000368,6197922
05PRI000370,07LOB000479,969578
05PRI000370,09LOB000589,7089137
05PRI000370,11LOB000704,524574
05PRI000370,11LOB000707,524574
05PRI000370,11LOB000708,524574
05PRI000371,05LOB000003,4378149
05PRI000372,05LOB000003,803600
05PRI000373,05LOB000005,303092
05PRI000374,05LOB000111,7975
05PRI000374,05LOB000161,12409
05PRI000374,06LOB000367,215081
05PRI000374,09LOB000609,161885
05PRI000374,09LOB000610,0
05PRI000375,05LOB000035,144000
05PRI000376,05LOB000143,952000
05PRI000377,05LOB000092,1414145
05PRI000377,05LOB000149,28000
05PRI000378,05LOB000302,580000
05PRI000379,05LOB000092,1807400
05PRI000380,05LOB000007,4266041
05PRI000380,05LOB000053,4022340
05PRI000381,05LOB000097,0
05PRI000381,07LOB000473,0
05PRI000382,05LOB000005,65097
05PRI000382,05LOB000143,3693358
05PRI000383,05LOB000325,0
05PRI000384,05LOB000164,3018750
05PRI000385,05LOB000003,1698
05PRI000385,05LOB000100,3110233
05PRI000385,05LOB000129,1698
05PRI000385,08LOB000572,1698
05PRI000385,09LOB000605,1698
05PRI000385,09LOB000623,1698
05PRI000386,05LOB000261,168429
05PRI000387,05LOB000008,12263633
05PRI000387,05LOB000113,9000
05PRI000388,05LOB000003,3567922
05PRI000389,05LOB000003,7782550
05PRI000389,05LOB000181,12001
05PRI000389,05LOB000186,116120
05PRI000389,06LOB000392,1907325
05PRI000389,09LOB000618,794017
05PRI000390,05LOB000008,2610000
05PRI000391,05LOB000092,658300
05PRI000392,05LOB000008,196000
05PRI000393,05LOB000072,24999
05PRI000393,05LOB000177,6641638
05PRI000393,05LOB000220,9043512
05PRI000393,05LOB000247,11503869
05PRI000393,11LOB000718,39356
05PRI000394,05LOB000208,711746
05PRI000395,05LOB000008,48000
05PRI000396,05LOB000013,1113326
05PRI000396,05LOB000066,91202046
05PRI000396,05LOB000092,0
05PRI000396,05LOB000113,91202046
05PRI000396,05LOB000143,7939491
05PRI000396,05LOB000144,0
05PRI000396,05LOB000245,0
05PRI000396,05LOB000334,91202046
05PRI000396,06LOB000378,303101
05PRI000397,05LOB000092,540800
05PRI000397,05LOB000143,90000
05PRI000398,05LOB000352,18000
05PRI000399,05LOB000008,5030200
05PRI000399,09LOB000599,1021800
05PRI000400,05LOB000219,700
05PRI000401,05LOB000073,120000
05PRI000401,05LOB000076,756000
05PRI000402,05LOB000180,140235
05PRI000402,05LOB000193,140235
05PRI000403,05LOB000168,0
05PRI000403,05LOB000205,0
05PRI000403,05LOB000336,0
05PRI000403,07LOB000439,0
05PRI000403,08LOB000535,0
05PRI000403,09LOB000596,8000
05PRI000404,05LOB000045,660234
05PRI000404,05LOB000059,914622
05PRI000404,05LOB000092,8597555
05PRI000404,05LOB000217,10350
05PRI000404,05LOB000249,99771
05PRI000404,06LOB000381,9300031
05PRI000405,05LOB000003,1416000
05PRI000405,05LOB000007,0
05PRI000406,05LOB000226,5887000
05PRI000406,05LOB000227,175000
05PRI000406,05LOB000237,5887000
05PRI000407,05LOB000226,3626000
05PRI000407,05LOB000227,74000
05PRI000408,05LOB000003,208800
05PRI000409,05LOB000206,1176000
05PRI000410,05LOB000092,4969875
05PRI000410,07LOB000441,1304625
05PRI000410,10LOB000672,143875
05PRI000411,05LOB000118,14379844
05PRI000411,05LOB000137,14379844
05PRI000411,08LOB000549,5826102
05PRI000412,05LOB000316,5880000
05PRI000413,05LOB000006,4000
05PRI000413,05LOB000007,18000
05PRI000413,05LOB000092,84000
05PRI000413,05LOB000148,406000
05PRI000413,05LOB000209,406000
05PRI000413,05LOB000263,406000
05PRI000413,05LOB000269,238000
05PRI000413,08LOB000562,0
05PRI000413,09LOB000628,0
05PRI000414,05LOB000007,0
05PRI000415,05LOB000296,3903534
05PRI000415,07LOB000471,131242
05PRI000415,07LOB000491,131242
05PRI000416,05LOB000102,0
05PRI000417,05LOB000001,138705
05PRI000417,05LOB000013,279010
05PRI000417,05LOB000245,402086
05PRI000417,05LOB000347,0
05PRI000418,05LOB000016,13076
05PRI000418,05LOB000221,16346
05PRI000418,06LOB000401,73159
05PRI000419,05LOB000278,2002104
05PRI000419,05LOB000338,12046960
05PRI000419,07LOB000515,3020610
05PRI000420,05LOB000063,2308110
05PRI000420,05LOB000122,2308110
05PRI000420,05LOB000288,176400
05PRI000421,05LOB000349,9080
05PRI000422,05LOB000058,13921
05PRI000423,05LOB000007,724743
05PRI000424,05LOB000282,504000
05PRI000425,05LOB000065,2812404
05PRI000425,05LOB000092,243200
05PRI000426,05LOB000007,136782
05PRI000426,05LOB000171,187546
05PRI000426,05LOB000317,7747349
05PRI000428,05LOB000005,11273294
05PRI000429,05LOB000092,2146872
05PRI000429,05LOB000131,2146872
05PRI000430,05LOB000035,396000
05PRI000430,05LOB000092,0
05PRI000431,05LOB000092,176000
05PRI000432,05LOB000003,1455800
05PRI000433,05LOB000283,489127
05PRI000434,05LOB000140,67129
05PRI000434,05LOB000232,110878
05PRI000435,05LOB000016,14605927
05PRI000435,05LOB000230,3338610
05PRI000435,05LOB000297,1456529
05PRI000435,06LOB000422,2028711
05PRI000435,10LOB000639,404858
05PRI000436,05LOB000008,4050
05PRI000437,05LOB000007,6400
05PRI000437,05LOB000008,3731400
05PRI000437,05LOB000076,1094100
05PRI000437,08LOB000561,5050
05PRI000438,05LOB000307,0
05PRI000439,05LOB000019,1436400
05PRI000439,08LOB000531,245600
05PRI000439,08LOB000551,0
05PRI000441,05LOB000238,59214
05PRI000442,05LOB000003,4550927
05PRI000443,05LOB000059,11808
05PRI000443,05LOB000069,11808
05PRI000444,05LOB000008,2157510
05PRI000444,05LOB000068,1717334
05PRI000444,05LOB000077,9887223
05PRI000444,05LOB000164,0
05PRI000445,05LOB000164,536000
05PRI000445,05LOB000333,0
05PRI000446,05LOB000011,12012000
05PRI000447,05LOB000140,62127
05PRI000447,05LOB000232,126318
05PRI000448,05LOB000019,1547911
05PRI000448,08LOB000531,275200
05PRI000450,05LOB000277,1950
05PRI000451,05LOB000005,12532751
05PRI000452,05LOB000092,2243200
05PRI000452,05LOB000126,664211
05PRI000452,05LOB000140,1230061
05PRI000452,05LOB000145,8784
05PRI000452,05LOB000147,6315848
05PRI000452,05LOB000249,8750
05PRI000452,05LOB000250,664211
05PRI000453,05LOB000008,8291985
05PRI000454,05LOB000072,4451993
05PRI000455,05LOB000006,360758
05PRI000455,05LOB000051,18520708
05PRI000455,05LOB000092,14712032
05PRI000455,05LOB000270,3774518
05PRI000455,08LOB000528,5559159
05PRI000456,05LOB000016,191107
05PRI000456,06LOB000418,0
05PRI000456,07LOB000514,38120
05PRI000456,11LOB000676,38120
05PRI000457,05LOB000183,2150729
05PRI000458,05LOB000008,16591513
05PRI000458,05LOB000076,3805200
05PRI000458,05LOB000318,16591513
05PRI000458,08LOB000561,21500
05PRI000459,05LOB000235,500
05PRI000460,05LOB000008,6915300
05PRI000460,09LOB000585,291200
05PRI000461,05LOB000108,0
05PRI000461,07LOB000501,60000
05PRI000462,06LOB000424,0
05PRI000464,05LOB000095,2101
05PRI000464,06LOB000404,843810
05PRI000464,08LOB000573,68085
05PRI000464,10LOB000668,6769
05PRI000465,05LOB000008,1862000
05PRI000465,05LOB000038,0
05PRI000465,07LOB000514,59548
05PRI000466,05LOB000224,2302720
05PRI000467,05LOB000092,2140200
05PRI000468,05LOB000092,2410
05PRI000468,05LOB000145,1876225
05PRI000469,05LOB000164,27000
05PRI000470,05LOB000145,2250
05PRI000470,05LOB000224,1751960
05PRI000471,05LOB000164,2828000
05PRI000472,05LOB000315,43442
05PRI000473,05LOB000007,90000
05PRI000474,05LOB000273,389051
05PRI000474,05LOB000302,3130072
05PRI000474,07LOB000455,187056
05PRI000475,05LOB000008,7234758
05PRI000475,05LOB000076,2051672
05PRI000475,08LOB000561,11498
05PRI000477,05LOB000005,4691930
05PRI000478,05LOB000174,3036975
05PRI000479,05LOB000003,0
05PRI000480,05LOB000003,1400000
05PRI000481,05LOB000007,8443
05PRI000481,05LOB000328,590547
05PRI000481,07LOB000483,71325
05PRI000482,05LOB000329,2593
05PRI000482,06LOB000427,159779
05PRI000484,05LOB000008,560000
05PRI000484,08LOB000576,40000
05PRI000485,05LOB000004,54355
05PRI000485,05LOB000027,0
05PRI000486,05LOB000259,1035450
05PRI000488,05LOB000005,4705974
05PRI000489,05LOB000010,7721
05PRI000490,05LOB000008,66800
05PRI000490,05LOB000190,200000
05PRI000491,05LOB000001,0
05PRI000491,05LOB000174,0
05PRI000492,05LOB000005,27300
05PRI000493,05LOB000245,4107850
05PRI000494,05LOB000013,120000
05PRI000494,06LOB000378,40000
05PRI000495,05LOB000339,0
05PRI000495,08LOB000558,7425
05PRI000495,08LOB000567,33893
05PRI000497,05LOB000005,196268
05PRI000498,05LOB000004,241694
05PRI000498,05LOB000342,20000
05PRI000499,05LOB000068,449417
05PRI000499,08LOB000568,476902
05PRI000500,05LOB000076,690986
05PRI000500,05LOB000277,544800
05PRI000501,05LOB000235,22000
05PRI000502,05LOB000092,3153800
05PRI000503,05LOB000013,940057
05PRI000503,05LOB000164,1307775
05PRI000503,05LOB000167,4400
05PRI000506,05LOB000346,0
05PRI000507,05LOB000348,18400
05PRI000508,05LOB000004,62964
05PRI000508,05LOB000006,62964
05PRI000508,05LOB000076,324000
05PRI000508,05LOB000092,414000
05PRI000508,05LOB000217,62964
05PRI000509,05LOB000245,1822500
05PRI000510,05LOB000008,3675590
05PRI000510,05LOB000013,360619
05PRI000510,05LOB000356,393495
05PRI000510,06LOB000378,110774
05PRI000510,09LOB000579,650210
05PRI000510,09LOB000588,650210
05PRI000511,05LOB000013,3931740
05PRI000511,05LOB000245,19364
05PRI000512,05LOB000076,253575
05PRI000512,05LOB000145,325000
05PRI000512,08LOB000561,5001
05PRI000515,05LOB000164,12416186
05PRI000515,11LOB000725,68233
05PRI000516,05LOB000164,0
05PRI000516,05LOB000333,0
05PRI000517,05LOB000313,747500
05PRI000518,05LOB000252,5238669
05PRI000518,05LOB000352,7525596
05PRI000518,06LOB000368,19170
05PRI000519,05LOB000019,124800
05PRI000519,08LOB000531,20800
05PRI000520,05LOB000003,3312000
05PRI000521,05LOB000277,128100
05PRI000522,05LOB000008,191000
05PRI000522,05LOB000235,123000
06PRI000523,05LOB000302,382500
06PRI000524,05LOB000239,0
06PRI000525,05LOB000009,20000
06PRI000525,05LOB000230,43380
06PRI000525,06LOB000367,335168
06PRI000525,10LOB000655,0
06PRI000526,06LOB000368,315000
06PRI000527,05LOB000003,3754959
06PRI000528,05LOB000145,368000
06PRI000529,05LOB000136,0
06PRI000529,07LOB000440,0
06PRI000529,10LOB000629,0
06PRI000529,11LOB000692,0
06PRI000530,06LOB000379,0
06PRI000531,05LOB000349,207535
06PRI000534,05LOB000349,352652
06PRI000535,05LOB000240,1600
06PRI000536,05LOB000115,20000
06PRI000536,05LOB000124,28000
06PRI000537,05LOB000007,80800
06PRI000538,05LOB000005,4744002
06PRI000539,05LOB000013,575912
06PRI000539,09LOB000613,800
06PRI000540,05LOB000058,40000
06PRI000541,05LOB000004,81000
06PRI000541,05LOB000035,510000
06PRI000542,07LOB000452,4900
06PRI000543,05LOB000001,1464000
06PRI000544,05LOB000005,366856
06PRI000545,05LOB000011,96000
06PRI000546,06LOB000387,0
06PRI000547,05LOB000179,186000
06PRI000547,05LOB000226,18000
06PRI000547,05LOB000227,18000
06PRI000548,05LOB000060,17152
06PRI000549,05LOB000092,280000
06PRI000550,05LOB000076,2400
06PRI000550,06LOB000368,34000
06PRI000550,09LOB000583,18000
06PRI000551,05LOB000277,3317689
06PRI000551,06LOB000388,3031644
06PRI000551,11LOB000712,60600
06PRI000551,11LOB000724,32000
06PRI000552,06LOB000389,853
06PRI000552,06LOB000390,853
06PRI000553,05LOB000005,96800
06PRI000554,05LOB000008,32000
06PRI000555,06LOB000393,264000
06PRI000556,05LOB000004,5429107
06PRI000556,06LOB000394,7635
06PRI000556,06LOB000396,289088
06PRI000556,06LOB000398,231270
06PRI000556,06LOB000411,3132441
06PRI000556,08LOB000523,3132441
06PRI000558,06LOB000395,36000
06PRI000559,05LOB000342,40000
06PRI000560,05LOB000124,40000
06PRI000561,06LOB000403,49131
06PRI000562,06LOB000405,324887
06PRI000564,05LOB000007,80000
06PRI000564,05LOB000277,160000
06PRI000565,05LOB000007,5308256
06PRI000566,06LOB000408,41150
06PRI000566,10LOB000666,0
06PRI000567,05LOB000005,779362
06PRI000568,06LOB000368,20000
06PRI000569,05LOB000003,127500
06PRI000570,06LOB000409,868
06PRI000572,06LOB000412,0
06PRI000573,06LOB000413,124582
06PRI000574,05LOB000007,520427
06PRI000575,06LOB000415,53902
06PRI000576,05LOB000004,253426
06PRI000577,05LOB000004,812340
06PRI000577,05LOB000016,6200
06PRI000577,07LOB000442,257245
06PRI000578,06LOB000417,8795
06PRI000578,08LOB000539,968
06PRI000579,05LOB000008,793017
06PRI000579,06LOB000383,2237679
06PRI000580,05LOB000009,14000
06PRI000580,05LOB000016,945000
06PRI000581,05LOB000035,570000
06PRI000582,05LOB000008,972000
06PRI000583,05LOB000035,1224000
06PRI000584,05LOB000007,127347
06PRI000585,06LOB000425,8446
06PRI000586,06LOB000424,0
06PRI000587,05LOB000092,37000
06PRI000588,06LOB000431,0
06PRI000589,06LOB000432,0
06PRI000590,05LOB000008,13250
06PRI000590,05LOB000068,13250
06PRI000590,05LOB000143,760000
06PRI000590,05LOB000145,1030750
06PRI000590,08LOB000574,12000
06PRI000591,05LOB000143,320000
06PRI000592,06LOB000434,0
06PRI000593,05LOB000072,787433
06PRI000593,08LOB000537,286031
06PRI000594,05LOB000092,20000
06PRI000595,05LOB000092,1070300
06PRI000595,07LOB000442,56000
06PRI000595,07LOB000448,9625
06PRI000595,08LOB000575,280333
06PRI000596,05LOB000076,406200
06PRI000596,05LOB000164,694008
06PRI000596,08LOB000561,7500
06PRI000597,05LOB000143,0
06PRI000597,05LOB000145,161700
06PRI000597,11LOB000680,4000
07PRI000598,05LOB000003,540000
07PRI000599,05LOB000003,40000
07PRI000601,05LOB000007,100800
07PRI000602,05LOB000007,1567683
07PRI000602,07LOB000449,1567683
07PRI000603,05LOB000007,978547
07PRI000604,05LOB000004,2255676
07PRI000605,05LOB000004,300600
07PRI000606,05LOB000008,868800
07PRI000607,05LOB000008,504000
07PRI000608,05LOB000008,212000
07PRI000609,05LOB000008,3080397
07PRI000610,05LOB000164,40000
07PRI000611,07LOB000443,10655
07PRI000611,11LOB000686,1059
07PRI000612,05LOB000349,613107
07PRI000613,05LOB000004,557057
07PRI000614,05LOB000004,177992
07PRI000615,07LOB000446,147580
07PRI000616,05LOB000245,0
07PRI000617,05LOB000007,3024000
07PRI000618,05LOB000068,0
07PRI000618,07LOB000454,0
07PRI000619,05LOB000068,20000
07PRI000620,05LOB000035,648000
07PRI000621,06LOB000382,0
07PRI000621,07LOB000450,0
07PRI000622,07LOB000451,208000
07PRI000623,07LOB000452,51598
07PRI000623,08LOB000525,5135
07PRI000624,05LOB000115,20000
07PRI000625,07LOB000457,304200
07PRI000626,07LOB000458,40000
07PRI000627,05LOB000004,93857
07PRI000629,05LOB000035,174000
07PRI000629,05LOB000245,56000
07PRI000631,05LOB000342,0
07PRI000632,05LOB000342,0
07PRI000633,05LOB000235,1587600
07PRI000634,05LOB000208,6785776
07PRI000634,07LOB000464,216009
07PRI000635,07LOB000465,0
07PRI000635,07LOB000466,0
07PRI000636,07LOB000468,325
07PRI000637,07LOB000469,1009
07PRI000638,05LOB000004,44000
07PRI000639,05LOB000009,1320000
07PRI000640,05LOB000008,1204000
07PRI000641,05LOB000005,316848
07PRI000641,05LOB000311,200000
07PRI000641,10LOB000659,84477
07PRI000642,05LOB000311,96000
07PRI000643,05LOB000004,62964
07PRI000643,05LOB000006,62964
07PRI000643,05LOB000092,186800
07PRI000643,05LOB000217,62964
07PRI000644,05LOB000003,1754067
07PRI000645,07LOB000471,64000
07PRI000645,07LOB000491,56000
07PRI000646,07LOB000474,57654
07PRI000647,07LOB000475,0
07PRI000648,05LOB000124,80000
07PRI000648,08LOB000530,122400
07PRI000649,05LOB000013,21000
07PRI000649,05LOB000245,16000
07PRI000650,07LOB000480,0
07PRI000651,07LOB000483,36000
07PRI000654,05LOB000143,417084
07PRI000654,05LOB000164,190169
07PRI000659,05LOB000007,2340000
07PRI000661,07LOB000451,17532
07PRI000662,05LOB000005,6144720
07PRI000662,05LOB000141,1809315
07PRI000662,05LOB000255,4619273
07PRI000662,05LOB000265,1809315
07PRI000662,06LOB000376,1523082
07PRI000664,07LOB000447,0
07PRI000668,07LOB000497,0
07PRI000669,07LOB000500,0
07PRI000671,07LOB000504,0
07PRI000672,07LOB000505,0
07PRI000673,05LOB000003,501502
07PRI000674,07LOB000506,0
07PRI000675,05LOB000007,2146962
07PRI000676,05LOB000008,600000
07PRI000677,07LOB000510,649
07PRI000678,05LOB000035,197760
07PRI000679,05LOB000013,409320
07PRI000679,05LOB000164,1365343
07PRI000680,05LOB000007,547200
07PRI000683,05LOB000007,1863232
07PRI000684,05LOB000007,122483
07PRI000685,05LOB000016,40000
07PRI000686,05LOB000007,69600
07PRI000686,05LOB000128,771000
07PRI000686,07LOB000467,771000
07PRI000689,05LOB000007,124999
07PRI000689,05LOB000008,889381
07PRI000690,05LOB000174,47499
07PRI000692,05LOB000009,591500
07PRI000692,05LOB000076,30400
08PRI000693,08LOB000524,0
08PRI000693,11LOB000697,0
08PRI000694,05LOB000342,0
08PRI000694,08LOB000526,0
08PRI000695,05LOB000007,119800
08PRI000695,07LOB000467,119800
08PRI000696,08LOB000526,284
08PRI000697,08LOB000527,72000
08PRI000697,08LOB000529,0
08PRI000698,07LOB000514,450767
08PRI000700,05LOB000124,0
08PRI000700,05LOB000290,0
08PRI000701,05LOB000092,403200
08PRI000702,05LOB000235,100000
08PRI000703,05LOB000365,24981
08PRI000703,08LOB000531,24981
08PRI000704,05LOB000365,117082
08PRI000704,08LOB000531,908046
08PRI000705,08LOB000531,0
08PRI000705,08LOB000547,0
08PRI000706,05LOB000005,652800
08PRI000706,05LOB000008,120800
08PRI000707,08LOB000525,0
08PRI000708,07LOB000514,527812
08PRI000709,05LOB000005,249499
08PRI000709,05LOB000311,52000
08PRI000710,05LOB000068,12800
08PRI000711,05LOB000008,1811200
08PRI000712,05LOB000007,1140000
08PRI000712,05LOB000008,1140000
08PRI000712,05LOB000164,1140000
08PRI000714,05LOB000076,20400
08PRI000715,07LOB000471,48000
08PRI000715,07LOB000491,48000
08PRI000716,08LOB000531,209866
08PRI000716,08LOB000536,40000
08PRI000717,05LOB000311,42800
08PRI000719,08LOB000538,225084
08PRI000720,05LOB000016,12000
08PRI000721,05LOB000151,0
08PRI000721,10LOB000667,6000
08PRI000722,05LOB000035,14397068
08PRI000723,05LOB000011,36000
08PRI000724,05LOB000277,32352
08PRI000725,05LOB000008,120000
08PRI000726,05LOB000068,81450
08PRI000727,05LOB000008,100000
08PRI000728,08LOB000530,149400
08PRI000729,08LOB000542,0
08PRI000730,08LOB000541,3180
08PRI000730,08LOB000548,3180
08PRI000731,05LOB000092,80000
08PRI000732,05LOB000092,163200
08PRI000733,05LOB000007,40000
08PRI000734,05LOB000004,192000
08PRI000735,05LOB000008,80000
08PRI000735,05LOB000143,182000
08PRI000736,08LOB000543,0
08PRI000737,08LOB000543,0
08PRI000738,08LOB000544,15000
08PRI000739,05LOB000277,30216
08PRI000740,05LOB000005,100800
08PRI000741,08LOB000550,0
08PRI000741,08LOB000560,0
08PRI000742,05LOB000005,0
08PRI000742,05LOB000311,50000
08PRI000744,05LOB000005,91375
08PRI000745,05LOB000004,2327770
08PRI000746,05LOB000005,320185
08PRI000747,08LOB000553,640
08PRI000748,05LOB000232,231993
08PRI000749,08LOB000557,0
08PRI000750,05LOB000068,1611195
08PRI000750,11LOB000679,52500
08PRI000751,05LOB000003,1566809
08PRI000752,05LOB000164,207000
08PRI000753,05LOB000008,187500
08PRI000754,05LOB000143,455000
08PRI000754,05LOB000144,4000
08PRI000755,08LOB000563,0
08PRI000755,11LOB000721,0
08PRI000758,05LOB000004,1265600
08PRI000760,05LOB000005,1099673
08PRI000760,05LOB000008,80000
08PRI000761,05LOB000068,271800
08PRI000762,05LOB000092,57600
08PRI000763,05LOB000092,115200
08PRI000764,05LOB000004,539999
08PRI000765,05LOB000019,1026664
08PRI000765,05LOB000093,29138
08PRI000765,05LOB000105,29138
08PRI000765,05LOB000194,364800
08PRI000765,05LOB000198,29138
08PRI000765,05LOB000358,29138
08PRI000765,08LOB000531,2414863
08PRI000767,05LOB000009,721500
08PRI000768,05LOB000003,21933
08PRI000769,05LOB000003,101600
09PRI000771,05LOB000164,386400
09PRI000772,05LOB000164,840000
09PRI000773,05LOB000164,846000
09PRI000774,05LOB000007,1088882
09PRI000775,05LOB000007,51000
09PRI000775,07LOB000467,136304
09PRI000776,05LOB000007,734632
09PRI000778,05LOB000277,5561973
09PRI000778,11LOB000681,826706
09PRI000779,05LOB000001,400000
09PRI000781,05LOB000004,0
09PRI000783,05LOB000003,767526
09PRI000785,09LOB000581,114046
09PRI000786,09LOB000582,2747
09PRI000789,07LOB000514,0
09PRI000790,07LOB000514,309620
09PRI000791,07LOB000514,0
09PRI000794,05LOB000008,0
09PRI000795,05LOB000008,580265
09PRI000796,05LOB000008,560000
09PRI000797,05LOB000005,404775
09PRI000798,07LOB000514,53175
09PRI000799,09LOB000586,0
09PRI000800,09LOB000587,30000
09PRI000801,05LOB000004,540000
09PRI000802,05LOB000035,9000
09PRI000803,05LOB000035,3000
09PRI000804,05LOB000007,25200
09PRI000805,05LOB000007,0
09PRI000806,05LOB000068,34584
09PRI000807,05LOB000068,50390
09PRI000808,07LOB000471,0
09PRI000809,05LOB000092,291200
09PRI000810,05LOB000007,154823
09PRI000810,09LOB000593,482109
09PRI000811,09LOB000592,631496
09PRI000812,05LOB000276,0
09PRI000812,09LOB000591,17254
09PRI000813,05LOB000164,32000
09PRI000814,09LOB000590,675000
09PRI000815,09LOB000594,0
09PRI000816,09LOB000597,0
09PRI000817,05LOB000164,1134000
09PRI000818,05LOB000302,0
09PRI000819,05LOB000004,1069200
09PRI000820,09LOB000598,12700
09PRI000822,05LOB000007,20800
09PRI000824,09LOB000600,1169
09PRI000825,05LOB000235,120600
09PRI000826,09LOB000601,6000
09PRI000827,05LOB000164,0
09PRI000828,09LOB000602,0
09PRI000830,05LOB000145,818998
09PRI000830,10LOB000650,3614
09PRI000830,11LOB000679,267385
09PRI000831,09LOB000606,0
09PRI000832,08LOB000531,64293
09PRI000832,09LOB000614,107155
09PRI000833,07LOB000471,112000
09PRI000833,07LOB000491,112000
09PRI000833,11LOB000680,96942
09PRI000834,05LOB000007,144330
09PRI000834,09LOB000607,2000
09PRI000834,10LOB000644,0
09PRI000835,09LOB000608,65466
09PRI000836,05LOB000277,856813
09PRI000837,05LOB000008,55650
09PRI000837,05LOB000013,55650
09PRI000838,05LOB000245,88900
09PRI000840,05LOB000005,129600
09PRI000840,05LOB000245,1613088
09PRI000840,06LOB000378,2242022
09PRI000840,09LOB000580,2242022
09PRI000841,05LOB000003,50125
09PRI000842,05LOB000245,13500
09PRI000843,05LOB000003,262800
09PRI000844,05LOB000004,121216
09PRI000847,05LOB000143,480000
09PRI000848,09LOB000620,0
09PRI000849,05LOB000277,75645
09PRI000850,10LOB000654,0
09PRI000851,05LOB000208,863805
09PRI000852,05LOB000240,8000
09PRI000853,09LOB000627,0
09PRI000854,05LOB000164,0
09PRI000855,07LOB000514,110846
10PRI000856,10LOB000631,14057
10PRI000857,05LOB000008,276000
10PRI000859,09LOB000581,7405
10PRI000860,05LOB000111,0
10PRI000860,05LOB000293,0
10PRI000860,10LOB000633,0
10PRI000860,10LOB000634,0
10PRI000860,10LOB000635,0
10PRI000860,10LOB000636,0
10PRI000860,10LOB000641,0
10PRI000860,10LOB000642,0
10PRI000860,10LOB000649,0
10PRI000862,05LOB000008,242247
10PRI000863,05LOB000007,542319
10PRI000863,05LOB000068,677899
10PRI000863,05LOB000145,677899
10PRI000865,05LOB000317,51200
10PRI000866,05LOB000245,40000
10PRI000867,05LOB000092,72800
10PRI000868,10LOB000646,19234
10PRI000868,10LOB000647,38649
10PRI000869,10LOB000648,0
10PRI000870,05LOB000115,8800
10PRI000872,05LOB000005,20800
10PRI000874,07LOB000476,0
10PRI000875,10LOB000656,19990
10PRI000877,05LOB000003,310002
10PRI000878,06LOB000395,84000
10PRI000879,10LOB000661,75000
10PRI000880,05LOB000008,48000
10PRI000881,10LOB000663,10000
10PRI000883,09LOB000592,0
10PRI000885,09LOB000592,29500
10PRI000886,05LOB000277,157449
10PRI000886,07LOB000467,132875
10PRI000887,05LOB000277,144169
10PRI000888,05LOB000092,120000
10PRI000889,05LOB000009,0
10PRI000889,05LOB000016,0
10PRI000890,05LOB000016,0
10PRI000890,05LOB000174,0
10PRI000891,05LOB000145,32000
10PRI000893,05LOB000143,134400
11PRI000894,05LOB000251,72800
11PRI000895,05LOB000009,0
11PRI000895,05LOB000174,0
11PRI000896,05LOB000001,50000
11PRI000897,11LOB000673,0
11PRI000897,11LOB000699,0
11PRI000898,05LOB000004,96000
11PRI000899,05LOB000164,76000
11PRI000900,09LOB000613,7500
11PRI000902,05LOB000174,37333
11PRI000903,11LOB000680,30000
11PRI000904,11LOB000680,0
11PRI000905,05LOB000005,72857
11PRI000906,08LOB000529,0
11PRI000907,11LOB000683,8311
11PRI000908,05LOB000348,4446
11PRI000909,05LOB000007,52063
11PRI000910,05LOB000008,100000
11PRI000911,05LOB000008,36000
11PRI000912,05LOB000179,0
11PRI000912,05LOB000199,0
11PRI000913,05LOB000245,0
11PRI000914,06LOB000368,12000
11PRI000915,11LOB000680,0
11PRI000916,11LOB000680,11500
11PRI000916,11LOB000684,67266
11PRI000917,07LOB000514,20232
11PRI000918,11LOB000693,16002
11PRI000919,11LOB000691,0
11PRI000920,11LOB000694,3594
11PRI000921,11LOB000696,11767
11PRI000922,07LOB000514,71567
11PRI000923,05LOB000004,0
11PRI000924,05LOB000068,243852
11PRI000925,11LOB000700,1640
11PRI000926,05LOB000164,20000
11PRI000928,11LOB000702,1993
11PRI000929,11LOB000703,4283
11PRI000930,05LOB000003,130000
11PRI000931,11LOB000709,640
11PRI000931,11LOB000710,640
11PRI000932,05LOB000005,72600
11PRI000933,05LOB000008,220000
11PRI000934,05LOB000005,147000
11PRI000936,05LOB000003,81000
11PRI000937,09LOB000592,108408
11PRI000938,05LOB000013,19977
11PRI000942,08LOB000538,0
11PRI000943,05LOB000277,25020
11PRI000944,05LOB000164,24000
11PRI000946,05LOB000007,27200
11PRI000948,11LOB000726,2500
